-- moex_license_ingest 01_exams_seed (W1.3b')
-- 5 個新 exams（dietitian/food-tech/medical-tech/fire-eq-eng/fire-eq-tech）
-- + N 個 sub-* rows + exam_subjects bindings

-- 1. 新 exams
INSERT INTO public.exams (id, name, short_name, description, category_id, is_available, sort_order)
VALUES
  ('dietitian', '營養師考試', '營養師', '公共衛生與營養專業專技高考', 'prof-exam', FALSE, 100),
  ('food-tech', '食品技師', '食品技師', '食品科學與工程專技高考', 'prof-exam', FALSE, 101),
  ('medical-tech', '醫事檢驗師', '醫檢師', '醫事檢驗專業專技高考', 'prof-exam', FALSE, 102),
  ('fire-eq-eng', '消防設備師', '消防設備師', '消防安全設備專技高考', 'prof-exam', FALSE, 103),
  ('fire-eq-tech', '消防設備士', '消防設備士', '消防安全設備專技普考', 'prof-exam', FALSE, 104)
ON CONFLICT (id) DO UPDATE SET name=EXCLUDED.name, short_name=EXCLUDED.short_name;

-- 2. subjects (per (exam, subject))
INSERT INTO public.subjects (id, name)
VALUES
  ('sub-cpa-01', '中級會計學'),
  ('sub-cpa-02', '公司法、證券交易法與商業會計法'),
  ('sub-cpa-03', '審計學'),
  ('sub-cpa-04', '成本會計與管理會計'),
  ('sub-cpa-05', '稅務法規'),
  ('sub-cpa-06', '高等會計學'),
  ('sub-bookkeeper-01', '會計學概要'),
  ('sub-bookkeeper-02', '租稅申報實務'),
  ('sub-bookkeeper-03', '稅務相關法規概要'),
  ('sub-bookkeeper-04', '記帳相關法規概要'),
  ('sub-real-estate-appraiser-01', '不動產估價實務'),
  ('sub-real-estate-appraiser-02', '不動產估價理論'),
  ('sub-real-estate-appraiser-03', '不動產投資分析'),
  ('sub-real-estate-appraiser-04', '不動產經濟學'),
  ('sub-real-estate-appraiser-05', '土地利用法規'),
  ('sub-real-estate-appraiser-06', '民法物權與不動產法規'),
  ('sub-real-estate-01', '不動產估價概要'),
  ('sub-real-estate-02', '不動產經紀相關法規概要'),
  ('sub-real-estate-03', '土地法與土地相關稅法概要'),
  ('sub-real-estate-04', '民法概要'),
  ('sub-land-agent-01', '土地法規'),
  ('sub-land-agent-02', '土地登記實務'),
  ('sub-land-agent-03', '土地稅法規'),
  ('sub-land-agent-04', '民法概要與信託法概要'),
  ('sub-social-worker-01', '人類行為與社會環境'),
  ('sub-social-worker-02', '社會工作'),
  ('sub-social-worker-03', '社會工作直接服務'),
  ('sub-social-worker-04', '社會工作研究方法'),
  ('sub-social-worker-05', '社會工作管理'),
  ('sub-social-worker-06', '社會政策與社會立法'),
  ('sub-civil-engineer-01', '營建管理'),
  ('sub-public-health-specialist-01', '健康社會行為學'),
  ('sub-public-health-specialist-02', '流行病學'),
  ('sub-public-health-specialist-03', '環境與職業衛生'),
  ('sub-public-health-specialist-04', '生物統計學'),
  ('sub-public-health-specialist-05', '衛生法規及倫理'),
  ('sub-public-health-specialist-06', '衛生行政與管理'),
  ('sub-dietitian-01', '公共衛生營養學'),
  ('sub-dietitian-02', '團體膳食設計與管理'),
  ('sub-dietitian-03', '營養學'),
  ('sub-dietitian-04', '生理學與生物化學'),
  ('sub-dietitian-05', '膳食療養學'),
  ('sub-dietitian-06', '食品衛生與安全'),
  ('sub-food-tech-01', '食品分析與檢驗'),
  ('sub-food-tech-02', '食品加工學'),
  ('sub-food-tech-03', '食品化學'),
  ('sub-food-tech-04', '食品工廠管理'),
  ('sub-food-tech-05', '食品微生物學'),
  ('sub-food-tech-06', '食品衛生安全與法規'),
  ('sub-medical-tech-01', '生物化學與臨床生化學'),
  ('sub-medical-tech-02', '臨床生理學與病理學'),
  ('sub-medical-tech-03', '臨床血液學與血庫學'),
  ('sub-medical-tech-04', '臨床血清免疫學與臨床病毒學'),
  ('sub-fire-eq-eng-01', '消防法規'),
  ('sub-fire-eq-eng-02', '警報與避難系統消防安全設備概要'),
  ('sub-fire-eq-tech-01', '水與化學系統消防安全設備概要'),
  ('sub-fire-eq-tech-02', '消防法規'),
  ('sub-fire-eq-tech-03', '消防法規概要'),
  ('sub-fire-eq-tech-04', '警報與避難系統消防安全設備概要')
ON CONFLICT (id) DO UPDATE SET name=EXCLUDED.name;

-- 3. exam_subjects bindings
INSERT INTO public.exam_subjects (exam_id, subject_id, sort_order)
VALUES
  ('cpa', 'sub-cpa-01', 1),
  ('cpa', 'sub-cpa-02', 2),
  ('cpa', 'sub-cpa-03', 3),
  ('cpa', 'sub-cpa-04', 4),
  ('cpa', 'sub-cpa-05', 5),
  ('cpa', 'sub-cpa-06', 6),
  ('bookkeeper', 'sub-bookkeeper-01', 1),
  ('bookkeeper', 'sub-bookkeeper-02', 2),
  ('bookkeeper', 'sub-bookkeeper-03', 3),
  ('bookkeeper', 'sub-bookkeeper-04', 4),
  ('real-estate-appraiser', 'sub-real-estate-appraiser-01', 1),
  ('real-estate-appraiser', 'sub-real-estate-appraiser-02', 2),
  ('real-estate-appraiser', 'sub-real-estate-appraiser-03', 3),
  ('real-estate-appraiser', 'sub-real-estate-appraiser-04', 4),
  ('real-estate-appraiser', 'sub-real-estate-appraiser-05', 5),
  ('real-estate-appraiser', 'sub-real-estate-appraiser-06', 6),
  ('real-estate', 'sub-real-estate-01', 1),
  ('real-estate', 'sub-real-estate-02', 2),
  ('real-estate', 'sub-real-estate-03', 3),
  ('real-estate', 'sub-real-estate-04', 4),
  ('land-agent', 'sub-land-agent-01', 1),
  ('land-agent', 'sub-land-agent-02', 2),
  ('land-agent', 'sub-land-agent-03', 3),
  ('land-agent', 'sub-land-agent-04', 4),
  ('social-worker', 'sub-social-worker-01', 1),
  ('social-worker', 'sub-social-worker-02', 2),
  ('social-worker', 'sub-social-worker-03', 3),
  ('social-worker', 'sub-social-worker-04', 4),
  ('social-worker', 'sub-social-worker-05', 5),
  ('social-worker', 'sub-social-worker-06', 6),
  ('civil-engineer', 'sub-civil-engineer-01', 1),
  ('public-health-specialist', 'sub-public-health-specialist-01', 1),
  ('public-health-specialist', 'sub-public-health-specialist-02', 2),
  ('public-health-specialist', 'sub-public-health-specialist-03', 3),
  ('public-health-specialist', 'sub-public-health-specialist-04', 4),
  ('public-health-specialist', 'sub-public-health-specialist-05', 5),
  ('public-health-specialist', 'sub-public-health-specialist-06', 6),
  ('dietitian', 'sub-dietitian-01', 1),
  ('dietitian', 'sub-dietitian-02', 2),
  ('dietitian', 'sub-dietitian-03', 3),
  ('dietitian', 'sub-dietitian-04', 4),
  ('dietitian', 'sub-dietitian-05', 5),
  ('dietitian', 'sub-dietitian-06', 6),
  ('food-tech', 'sub-food-tech-01', 1),
  ('food-tech', 'sub-food-tech-02', 2),
  ('food-tech', 'sub-food-tech-03', 3),
  ('food-tech', 'sub-food-tech-04', 4),
  ('food-tech', 'sub-food-tech-05', 5),
  ('food-tech', 'sub-food-tech-06', 6),
  ('medical-tech', 'sub-medical-tech-01', 1),
  ('medical-tech', 'sub-medical-tech-02', 2),
  ('medical-tech', 'sub-medical-tech-03', 3),
  ('medical-tech', 'sub-medical-tech-04', 4),
  ('fire-eq-eng', 'sub-fire-eq-eng-01', 1),
  ('fire-eq-eng', 'sub-fire-eq-eng-02', 2),
  ('fire-eq-tech', 'sub-fire-eq-tech-01', 1),
  ('fire-eq-tech', 'sub-fire-eq-tech-02', 2),
  ('fire-eq-tech', 'sub-fire-eq-tech-03', 3),
  ('fire-eq-tech', 'sub-fire-eq-tech-04', 4)
ON CONFLICT (exam_id, subject_id) DO NOTHING;
